Member_ID,Gender,Age,Days_Since_Registration
1,Male,69,730
2,Female,18,958
3,Male,66,1976
4,Female,49,1881
5,Male,69,269
6,Male,59,454
7,Male,76,1889
8,Male,73,111
9,Male,48,1640
10,Female,48,1317
11,Male,26,566
12,Female,66,1096
13,Male,41,1855
14,Male,33,928
15,Female,47,1450
16,Male,71,43
17,Male,64,1783
18,Male,69,941
19,Female,71,386
20,Male,76,978
21,Female,58,323
22,Male,63,741
23,Male,51,1891
24,Female,26,1407
25,Female,42,1616
26,Male,21,885
27,Male,27,440
28,Female,40,1572
29,Male,60,415
30,Male,51,334
31,Male,31,1479
32,Female,42,478
33,Male,50,579
34,Female,50,249
35,Male,57,382
36,Female,19,67
37,Male,54,1032
38,Male,55,1967
39,Male,75,725
40,Male,61,279
41,Male,52,1227
42,Female,63,1792
43,Female,30,919
44,Female,80,1480
45,Female,46,619
46,Male,34,1994
47,Female,74,1609
48,Female,62,893
49,Male,29,1100
50,Female,59,1100
51,Male,72,1280
52,Male,41,727
53,Female,63,719
54,Male,40,518
55,Female,37,11
56,Female,27,102
57,Female,31,1720
58,Male,51,325
59,Female,18,161
60,Female,46,1665
61,Female,54,1879
62,Female,50,1600
63,Male,42,1094
64,Male,76,1188
65,Male,27,915
66,Female,61,1167
67,Female,66,1901
68,Female,30,1718
69,Male,56,1070
70,Female,60,1775
71,Female,20,1034
72,Male,49,1922
73,Female,41,731
74,Female,24,1514
75,Female,28,1866
76,Female,72,1064
77,Male,20,899
78,Male,35,777
79,Male,37,785
80,Male,76,547
81,Male,28,157
82,Male,44,298
83,Male,65,549
84,Male,67,934
85,Female,64,1130
86,Male,39,1416
87,Female,48,1217
88,Female,45,645
89,Female,26,1135
90,Female,50,1908
91,Female,63,966
92,Female,30,1283
93,Female,46,815
94,Female,77,964
95,Male,32,888
96,Male,61,379
97,Female,79,1965
98,Female,30,1136
99,Female,29,1753
100,Female,38,1142
101,Female,23,1031
102,Female,32,432
103,Female,21,1062
104,Male,48,920
105,Male,31,498
106,Male,43,1843
107,Male,71,1665
108,Female,30,1928
109,Female,47,1589
110,Female,80,577
111,Male,59,393
112,Female,64,1198
113,Female,36,111
114,Male,24,1422
115,Female,54,1016
116,Female,73,753
117,Male,56,751
118,Male,33,1372
119,Male,74,816
120,Female,65,217
121,Male,30,1924
122,Male,36,626
123,Male,74,102
124,Male,73,1798
125,Female,30,1248
126,Male,43,1058
127,Female,49,1134
128,Female,72,1589
129,Male,34,1911
130,Female,41,254
131,Male,34,1003
132,Female,50,1331
133,Male,44,396
134,Male,40,346
135,Male,71,1964
136,Male,41,1858
137,Female,61,1501
138,Male,33,1107
139,Male,49,162
140,Female,31,331
141,Male,73,177
142,Male,63,393
143,Female,71,808
144,Male,35,584
145,Female,44,1653
146,Male,80,527
147,Male,58,649
148,Female,45,1049
149,Male,75,844
150,Male,68,862
151,Female,35,428
152,Female,18,553
153,Male,20,1217
154,Female,68,274
155,Male,45,358
156,Male,72,869
157,Female,35,801
158,Female,20,1023
159,Male,30,1657
160,Male,43,1860
161,Female,32,1720
162,Male,72,1
163,Male,80,1917
164,Female,78,1159
165,Female,26,149
166,Male,73,854
167,Female,56,1987
168,Male,79,1774
169,Male,75,1856
170,Female,70,1492
171,Female,64,237
172,Male,48,590
173,Female,47,439
174,Male,67,1272
175,Female,68,624
176,Male,80,730
177,Female,34,1397
178,Male,80,86
179,Male,63,1988
180,Male,70,1473
181,Female,18,1844
182,Female,19,775
183,Male,80,1961
184,Male,74,1452
185,Female,42,258
186,Male,80,239
187,Male,77,315
188,Female,80,80
189,Male,54,682
190,Female,57,719
191,Male,71,553
192,Male,47,426
193,Female,30,1764
194,Male,25,1030
195,Male,70,1958
196,Male,52,60
197,Male,36,498
198,Male,80,1592
199,Female,52,904
200,Female,73,366
201,Female,32,1286
202,Female,41,379
203,Male,49,184
204,Male,57,607
205,Male,77,1643
206,Female,24,977
207,Male,58,642
208,Male,19,144
209,Female,41,262
210,Male,30,1118
211,Male,35,1362
212,Male,31,1731
213,Female,64,698
214,Male,33,1390
215,Male,58,1445
216,Male,47,1511
217,Female,69,1961
218,Female,76,1932
219,Female,79,1639
220,Male,68,871
221,Male,49,629
222,Male,22,288
223,Male,70,409
224,Female,20,335
225,Female,43,657
226,Female,62,1807
227,Female,33,1748
228,Male,45,1322
229,Female,61,1581
230,Female,60,406
231,Female,40,974
232,Female,35,1848
233,Female,72,1243
234,Male,67,351
235,Male,74,1490
236,Male,77,184
237,Female,36,903
238,Female,20,1624
239,Female,47,1943
240,Male,22,487
241,Female,79,1317
242,Male,74,1842
243,Female,73,414
244,Male,28,1143
245,Female,60,1565
246,Female,32,947
247,Female,55,1345
248,Female,66,51
249,Female,42,1633
250,Female,71,4
251,Female,47,1576
252,Female,30,1710
253,Female,72,1914
254,Female,51,1308
255,Female,40,298
256,Male,52,1707
257,Female,76,1920
258,Female,34,1803
259,Female,56,1562
260,Male,43,1561
261,Male,19,299
262,Female,25,177
263,Female,32,1809
264,Female,69,1420
265,Male,56,1497
266,Male,56,1272
267,Male,49,19
268,Male,53,748
269,Male,68,647
270,Female,42,1234
271,Male,76,481
272,Male,49,1937
273,Male,71,461
274,Male,36,1743
275,Male,79,1179
276,Male,26,771
277,Male,80,140
278,Female,69,735
279,Male,34,849
280,Female,62,1758
281,Male,70,333
282,Male,75,578
283,Male,58,1951
284,Male,36,1168
285,Female,66,757
286,Female,27,746
287,Male,67,1383
288,Female,80,20
289,Male,45,1877
290,Female,79,107
291,Male,36,1276
292,Female,54,115
293,Female,35,388
294,Male,32,1127
295,Female,66,393
296,Male,41,1513
297,Female,58,1613
298,Female,71,1177
299,Female,38,1660
300,Female,50,104
