Transaction_ID,Transaction_Date,Member_ID,Product_ID,Store_ID,Quantity,Amount
1,2024/5/1 0:00,21,25,12,3,5820
2,2024/5/1 2:55,107,23,17,1,640
3,2024/5/1 5:51,117,24,6,3,1270
4,2024/5/1 8:47,124,38,1,3,5980
5,2024/5/1 11:43,281,28,5,4,9390
6,2024/5/1 14:39,292,21,14,4,8730
7,2024/5/1 17:35,203,43,5,3,9830
8,2024/5/1 20:30,51,18,1,4,5510
9,2024/5/1 23:26,271,36,18,2,7990
10,2024/5/2 2:22,277,35,16,4,8480
11,2024/5/2 5:18,141,45,9,4,6660
12,2024/5/2 8:14,275,9,19,4,3720
13,2024/5/2 11:10,290,38,5,4,4960
14,2024/5/2 14:06,52,30,2,1,8650
15,2024/5/2 17:01,27,44,15,1,3340
16,2024/5/2 19:57,157,34,7,1,9280
17,2024/5/2 22:53,239,32,4,3,2680
18,2024/5/3 1:49,156,3,1,3,7620
19,2024/5/3 4:45,291,3,13,2,6490
20,2024/5/3 7:41,136,28,20,1,7620
21,2024/5/3 10:37,144,44,7,3,4650
22,2024/5/3 13:32,106,15,15,4,9360
23,2024/5/3 16:28,158,41,14,4,6510
24,2024/5/3 19:24,146,23,19,1,3240
25,2024/5/3 22:20,2,40,20,2,6570
26,2024/5/4 1:16,77,11,18,2,3220
27,2024/5/4 4:12,132,48,10,4,3290
28,2024/5/4 7:08,90,32,9,2,4300
29,2024/5/4 10:03,263,36,8,1,8600
30,2024/5/4 12:59,108,33,10,4,5250
31,2024/5/4 15:55,74,24,17,3,6950
32,2024/5/4 18:51,39,39,2,3,4220
33,2024/5/4 21:47,159,34,6,2,3000
34,2024/5/5 0:43,71,28,5,4,9570
35,2024/5/5 3:39,241,37,9,4,6230
36,2024/5/5 6:34,298,7,5,3,9370
37,2024/5/5 9:30,36,4,18,4,2430
38,2024/5/5 12:26,84,37,20,4,1900
39,2024/5/5 15:22,263,1,9,4,8630
40,2024/5/5 18:18,172,1,17,2,6970
41,2024/5/5 21:14,173,47,17,4,2270
42,2024/5/6 0:10,47,20,12,1,3060
43,2024/5/6 3:05,141,19,7,2,8110
44,2024/5/6 6:01,118,29,3,4,4810
45,2024/5/6 8:57,277,10,10,4,6870
46,2024/5/6 11:53,214,18,2,1,3520
47,2024/5/6 14:49,220,28,3,2,4120
48,2024/5/6 17:45,26,35,16,3,9910
49,2024/5/6 20:41,9,43,2,3,2850
50,2024/5/6 23:36,271,47,10,2,5310
51,2024/5/7 2:32,10,31,6,4,8520
52,2024/5/7 5:28,121,27,11,4,2770
53,2024/5/7 8:24,125,11,7,3,4440
54,2024/5/7 11:20,170,49,15,3,6340
55,2024/5/7 14:16,72,49,6,3,5070
56,2024/5/7 17:12,152,38,20,1,4870
57,2024/5/7 20:07,208,5,9,3,3940
58,2024/5/7 23:03,49,8,20,1,6070
59,2024/5/8 1:59,154,34,12,2,6430
60,2024/5/8 4:55,293,48,19,4,6710
61,2024/5/8 7:51,68,12,20,3,1170
62,2024/5/8 10:47,50,38,3,4,6490
63,2024/5/8 13:43,152,1,15,4,9560
64,2024/5/8 16:38,19,31,2,3,5640
65,2024/5/8 19:34,100,4,2,3,7300
66,2024/5/8 22:30,60,49,3,2,5790
67,2024/5/9 1:26,167,45,6,1,8620
68,2024/5/9 4:22,202,50,15,1,9330
69,2024/5/9 7:18,146,5,10,4,2250
70,2024/5/9 10:14,164,30,9,3,4650
71,2024/5/9 13:09,242,24,1,2,4230
72,2024/5/9 16:05,69,3,16,2,4350
73,2024/5/9 19:01,175,11,6,2,1690
74,2024/5/9 21:57,49,45,9,2,8230
75,2024/5/10 0:53,108,4,4,2,840
76,2024/5/10 3:49,226,26,2,1,5520
77,2024/5/10 6:45,161,27,4,1,6790
78,2024/5/10 9:40,119,46,1,1,2470
79,2024/5/10 12:36,149,43,19,3,9110
80,2024/5/10 15:32,150,27,10,4,8470
81,2024/5/10 18:28,293,42,15,2,4980
82,2024/5/10 21:24,143,50,19,3,4410
83,2024/5/11 0:20,160,6,16,2,2750
84,2024/5/11 3:16,11,15,4,1,7430
85,2024/5/11 6:11,138,30,2,3,1750
86,2024/5/11 9:07,78,42,13,1,6960
87,2024/5/11 12:03,77,37,1,2,8500
88,2024/5/11 14:59,254,37,17,2,2670
89,2024/5/11 17:55,258,42,13,4,8730
90,2024/5/11 20:51,291,37,4,2,820
91,2024/5/11 23:47,263,35,7,1,9170
92,2024/5/12 2:42,85,23,17,2,1620
93,2024/5/12 5:38,146,6,9,4,6630
94,2024/5/12 8:34,42,4,4,4,2880
95,2024/5/12 11:30,125,18,19,1,8450
96,2024/5/12 14:26,167,9,1,3,5370
97,2024/5/12 17:22,241,49,10,2,1780
98,2024/5/12 20:18,280,29,4,4,5920
99,2024/5/12 23:13,188,13,9,2,4370
100,2024/5/13 2:09,19,47,13,2,6780
101,2024/5/13 5:05,68,17,14,3,8880
102,2024/5/13 8:01,218,45,10,4,4390
103,2024/5/13 10:57,102,32,6,2,3250
104,2024/5/13 13:53,42,48,16,4,640
105,2024/5/13 16:49,288,22,6,1,5960
106,2024/5/13 19:44,167,4,17,1,4320
107,2024/5/13 22:40,109,5,10,2,4060
108,2024/5/14 1:36,36,37,18,4,2240
109,2024/5/14 4:32,232,41,18,2,4590
110,2024/5/14 7:28,229,49,3,4,9850
111,2024/5/14 10:24,164,13,20,4,3330
112,2024/5/14 13:20,73,34,15,3,6200
113,2024/5/14 16:15,136,45,15,3,7880
114,2024/5/14 19:11,70,22,4,3,7620
115,2024/5/14 22:07,196,23,9,2,3620
116,2024/5/15 1:03,269,3,19,3,6300
117,2024/5/15 3:59,49,42,17,3,8780
118,2024/5/15 6:55,130,34,11,1,650
119,2024/5/15 9:50,5,32,9,4,4640
120,2024/5/15 12:46,27,45,10,4,2630
121,2024/5/15 15:42,160,49,18,3,4190
122,2024/5/15 18:38,149,21,20,4,4450
123,2024/5/15 21:34,264,46,13,1,7590
124,2024/5/16 0:30,230,44,8,1,1390
125,2024/5/16 3:26,200,21,7,3,5370
126,2024/5/16 6:21,50,44,17,1,5860
127,2024/5/16 9:17,67,11,15,4,5190
128,2024/5/16 12:13,300,39,20,2,7450
129,2024/5/16 15:09,58,4,15,4,4150
130,2024/5/16 18:05,259,1,1,2,9480
131,2024/5/16 21:01,130,28,14,3,5080
132,2024/5/16 23:57,215,24,5,2,5930
133,2024/5/17 2:52,172,35,11,1,8340
134,2024/5/17 5:48,258,13,16,4,3110
135,2024/5/17 8:44,102,47,2,2,1210
136,2024/5/17 11:40,209,34,8,4,7220
137,2024/5/17 14:36,291,11,11,3,5090
138,2024/5/17 17:32,286,36,18,3,9020
139,2024/5/17 20:28,116,17,3,1,9840
140,2024/5/17 23:23,264,35,1,3,4290
141,2024/5/18 2:19,150,18,11,2,4450
142,2024/5/18 5:15,300,40,16,3,4380
143,2024/5/18 8:11,36,22,18,1,3580
144,2024/5/18 11:07,287,24,16,4,7930
145,2024/5/18 14:03,208,19,10,4,7710
146,2024/5/18 16:59,106,37,18,3,5050
147,2024/5/18 19:54,158,39,6,2,920
148,2024/5/18 22:50,121,21,19,1,3440
149,2024/5/19 1:46,55,8,4,2,3280
150,2024/5/19 4:42,12,28,13,1,8210
151,2024/5/19 7:38,145,5,14,3,1330
152,2024/5/19 10:34,136,17,3,1,8150
153,2024/5/19 13:30,3,37,10,1,6860
154,2024/5/19 16:25,144,36,6,3,7460
155,2024/5/19 19:21,30,19,1,2,4610
156,2024/5/19 22:17,237,27,14,3,6960
157,2024/5/20 1:13,279,34,8,1,6290
158,2024/5/20 4:09,115,11,19,3,7810
159,2024/5/20 7:05,104,45,14,1,4740
160,2024/5/20 10:01,118,47,10,3,4990
161,2024/5/20 12:56,5,12,17,4,6610
162,2024/5/20 15:52,248,21,9,4,1530
163,2024/5/20 18:48,121,11,6,3,4640
164,2024/5/20 21:44,286,39,11,2,9730
165,2024/5/21 0:40,149,28,7,1,860
166,2024/5/21 3:36,84,5,17,4,3500
167,2024/5/21 6:32,231,17,1,2,3480
168,2024/5/21 9:27,288,20,5,1,6520
169,2024/5/21 12:23,161,41,9,4,1510
170,2024/5/21 15:19,272,46,18,4,6470
171,2024/5/21 18:15,38,12,2,3,1400
172,2024/5/21 21:11,226,6,11,1,1400
173,2024/5/22 0:07,142,17,6,2,7420
174,2024/5/22 3:03,292,19,8,2,3580
175,2024/5/22 5:58,151,26,4,2,9790
176,2024/5/22 8:54,114,48,18,1,850
177,2024/5/22 11:50,237,44,11,2,4730
178,2024/5/22 14:46,66,44,5,2,1570
179,2024/5/22 17:42,258,32,15,2,3840
180,2024/5/22 20:38,249,6,18,3,9980
181,2024/5/22 23:34,180,36,2,3,8940
182,2024/5/23 2:29,190,38,11,1,960
183,2024/5/23 5:25,154,11,13,1,5850
184,2024/5/23 8:21,196,33,4,2,6650
185,2024/5/23 11:17,262,24,7,3,2490
186,2024/5/23 14:13,143,23,11,4,1880
187,2024/5/23 17:09,101,15,4,4,9090
188,2024/5/23 20:05,244,27,15,2,9700
189,2024/5/23 23:00,12,11,1,2,9920
190,2024/5/24 1:56,239,50,3,3,8000
191,2024/5/24 4:52,49,17,14,3,6800
192,2024/5/24 7:48,42,14,6,3,3780
193,2024/5/24 10:44,166,27,18,1,2130
194,2024/5/24 13:40,82,18,1,1,1250
195,2024/5/24 16:36,291,28,6,2,7090
196,2024/5/24 19:31,158,47,6,1,7950
197,2024/5/24 22:27,216,47,16,3,8350
198,2024/5/25 1:23,158,4,5,3,9180
199,2024/5/25 4:19,134,7,17,1,8860
200,2024/5/25 7:15,67,45,10,4,10000
201,2024/5/25 10:11,7,35,18,2,2820
202,2024/5/25 13:07,14,48,7,4,7750
203,2024/5/25 16:02,73,9,3,2,6070
204,2024/5/25 18:58,163,8,13,4,2980
205,2024/5/25 21:54,66,45,15,1,9830
206,2024/5/26 0:50,130,17,20,2,9030
207,2024/5/26 3:46,206,17,19,2,1720
208,2024/5/26 6:42,276,49,3,2,750
209,2024/5/26 9:38,256,33,4,3,7040
210,2024/5/26 12:33,266,32,5,3,6240
211,2024/5/26 15:29,25,8,1,4,9390
212,2024/5/26 18:25,281,19,4,1,2720
213,2024/5/26 21:21,253,38,12,3,1300
214,2024/5/27 0:17,289,3,10,2,2960
215,2024/5/27 3:13,164,5,20,3,680
216,2024/5/27 6:09,95,13,13,1,840
217,2024/5/27 9:04,270,47,14,3,9190
218,2024/5/27 12:00,110,46,5,2,3840
219,2024/5/27 14:56,238,31,4,4,4400
220,2024/5/27 17:52,25,16,14,2,670
221,2024/5/27 20:48,141,50,10,1,3070
222,2024/5/27 23:44,117,32,17,4,8140
223,2024/5/28 2:40,25,22,10,3,6350
224,2024/5/28 5:35,79,29,7,3,7660
225,2024/5/28 8:31,68,22,16,3,4750
226,2024/5/28 11:27,173,43,1,4,3440
227,2024/5/28 14:23,12,3,17,2,5090
228,2024/5/28 17:19,288,10,9,4,3570
229,2024/5/28 20:15,128,42,6,4,8470
230,2024/5/28 23:10,96,21,19,1,3330
231,2024/5/29 2:06,92,16,13,4,6770
232,2024/5/29 5:02,141,12,3,3,1800
233,2024/5/29 7:58,31,2,7,2,7030
234,2024/5/29 10:54,20,41,9,2,9180
235,2024/5/29 13:50,146,24,5,2,6280
236,2024/5/29 16:46,160,35,10,3,5820
237,2024/5/29 19:41,43,30,17,3,9630
238,2024/5/29 22:37,254,30,12,3,6460
239,2024/5/30 1:33,130,47,16,3,2970
240,2024/5/30 4:29,60,35,3,3,3280
241,2024/5/30 7:25,151,19,9,4,7200
242,2024/5/30 10:21,287,50,15,3,7490
243,2024/5/30 13:17,5,8,5,3,3380
244,2024/5/30 16:12,266,26,13,3,3780
245,2024/5/30 19:08,130,49,14,3,9920
246,2024/5/30 22:04,267,40,20,2,1470
247,2024/5/31 1:00,178,7,15,3,4340
248,2024/5/31 3:56,253,30,16,4,1090
249,2024/5/31 6:52,56,7,13,4,8300
250,2024/5/31 9:48,83,3,17,4,1380
251,2024/5/31 12:43,99,1,8,1,6900
252,2024/5/31 15:39,149,36,2,2,1040
253,2024/5/31 18:35,156,25,5,3,6890
254,2024/5/31 21:31,190,37,6,1,8510
255,2024/6/1 0:27,263,1,12,3,4290
256,2024/6/1 3:23,80,15,18,1,5460
257,2024/6/1 6:19,252,37,1,1,4310
258,2024/6/1 9:14,97,13,17,4,3350
259,2024/6/1 12:10,260,40,11,4,8130
260,2024/6/1 15:06,260,8,10,1,3080
261,2024/6/1 18:02,103,5,19,4,7370
262,2024/6/1 20:58,40,9,14,1,2460
263,2024/6/1 23:54,273,1,10,2,2870
264,2024/6/2 2:50,101,36,15,4,3700
265,2024/6/2 5:45,221,35,19,4,6100
266,2024/6/2 8:41,124,2,4,4,4820
267,2024/6/2 11:37,231,40,2,2,7580
268,2024/6/2 14:33,178,23,9,1,2530
269,2024/6/2 17:29,63,9,10,3,600
270,2024/6/2 20:25,116,34,11,4,7880
271,2024/6/2 23:21,191,46,14,1,8310
272,2024/6/3 2:16,62,14,7,2,1070
273,2024/6/3 5:12,256,4,15,3,6300
274,2024/6/3 8:08,7,30,19,4,4090
275,2024/6/3 11:04,155,31,15,2,8040
276,2024/6/3 14:00,92,38,8,2,8810
277,2024/6/3 16:56,14,11,11,3,8580
278,2024/6/3 19:52,229,35,9,1,7880
279,2024/6/3 22:47,86,8,15,4,3060
280,2024/6/4 1:43,133,3,1,4,8210
281,2024/6/4 4:39,183,14,1,1,5570
282,2024/6/4 7:35,62,13,19,1,1000
283,2024/6/4 10:31,219,45,3,1,4840
284,2024/6/4 13:27,246,32,10,3,9450
285,2024/6/4 16:23,230,34,8,3,8930
286,2024/6/4 19:18,79,45,15,4,1470
287,2024/6/4 22:14,149,19,10,3,7570
288,2024/6/5 1:10,138,38,1,2,8160
289,2024/6/5 4:06,65,16,18,4,3080
290,2024/6/5 7:02,13,2,2,3,4980
291,2024/6/5 9:58,213,40,19,1,7250
292,2024/6/5 12:54,242,17,13,2,4670
293,2024/6/5 15:49,213,34,1,1,1570
294,2024/6/5 18:45,181,42,2,4,7210
295,2024/6/5 21:41,173,16,16,1,9160
296,2024/6/6 0:37,160,38,15,3,6700
297,2024/6/6 3:33,164,2,13,3,7850
298,2024/6/6 6:29,188,2,16,4,3900
299,2024/6/6 9:25,191,26,17,1,2240
300,2024/6/6 12:20,256,13,7,4,6610
301,2024/6/6 15:16,183,47,17,1,3610
302,2024/6/6 18:12,117,31,7,2,8670
303,2024/6/6 21:08,282,34,13,3,1660
304,2024/6/7 0:04,196,39,5,4,4620
305,2024/6/7 3:00,34,3,17,2,4270
306,2024/6/7 5:56,52,8,3,2,9410
307,2024/6/7 8:51,112,23,7,4,1950
308,2024/6/7 11:47,252,14,17,4,590
309,2024/6/7 14:43,82,27,7,2,2760
310,2024/6/7 17:39,232,29,1,1,8290
311,2024/6/7 20:35,227,39,17,2,2490
312,2024/6/7 23:31,233,39,17,4,2790
313,2024/6/8 2:27,221,1,11,2,1730
314,2024/6/8 5:22,42,17,3,1,7300
315,2024/6/8 8:18,21,41,15,3,1160
316,2024/6/8 11:14,42,30,11,3,3650
317,2024/6/8 14:10,113,13,16,2,3180
318,2024/6/8 17:06,105,21,9,1,5770
319,2024/6/8 20:02,192,19,1,3,7440
320,2024/6/8 22:58,17,19,16,2,5560
321,2024/6/9 1:53,120,25,9,2,9340
322,2024/6/9 4:49,129,22,19,1,9540
323,2024/6/9 7:45,130,31,12,4,3930
324,2024/6/9 10:41,60,17,19,2,7890
325,2024/6/9 13:37,48,23,9,4,7520
326,2024/6/9 16:33,29,32,7,4,8980
327,2024/6/9 19:29,97,10,14,3,4760
328,2024/6/9 22:24,10,10,19,4,5540
329,2024/6/10 1:20,242,36,19,1,4450
330,2024/6/10 4:16,232,8,2,3,8580
331,2024/6/10 7:12,277,20,9,3,2680
332,2024/6/10 10:08,284,32,13,3,2780
333,2024/6/10 13:04,203,50,15,2,4040
334,2024/6/10 16:00,247,14,3,2,2690
335,2024/6/10 18:55,290,50,11,4,5830
336,2024/6/10 21:51,264,28,14,3,1780
337,2024/6/11 0:47,214,46,8,3,3540
338,2024/6/11 3:43,200,24,18,1,9180
339,2024/6/11 6:39,79,15,19,4,4390
340,2024/6/11 9:35,173,22,16,1,7610
341,2024/6/11 12:30,69,30,2,4,1580
342,2024/6/11 15:26,87,4,8,4,2850
343,2024/6/11 18:22,101,13,6,2,8170
344,2024/6/11 21:18,8,23,12,2,7750
345,2024/6/12 0:14,200,8,15,1,4170
346,2024/6/12 3:10,87,18,8,4,9570
347,2024/6/12 6:06,43,12,4,3,9150
348,2024/6/12 9:01,109,31,15,2,9640
349,2024/6/12 11:57,152,14,20,3,4570
350,2024/6/12 14:53,17,34,17,1,2380
351,2024/6/12 17:49,133,18,13,2,6450
352,2024/6/12 20:45,148,34,18,2,7010
353,2024/6/12 23:41,277,11,2,4,1690
354,2024/6/13 2:37,232,41,13,1,7970
355,2024/6/13 5:32,228,12,13,4,670
356,2024/6/13 8:28,139,49,15,2,5090
357,2024/6/13 11:24,211,15,20,1,3640
358,2024/6/13 14:20,28,31,10,2,7530
359,2024/6/13 17:16,51,49,3,1,3470
360,2024/6/13 20:12,261,29,19,2,8350
361,2024/6/13 23:08,261,26,3,3,6150
362,2024/6/14 2:03,8,18,14,3,8040
363,2024/6/14 4:59,138,32,8,4,9900
364,2024/6/14 7:55,38,22,4,3,6950
365,2024/6/14 10:51,111,38,20,2,9860
366,2024/6/14 13:47,220,17,11,2,770
367,2024/6/14 16:43,223,23,11,3,3710
368,2024/6/14 19:39,136,24,11,4,1520
369,2024/6/14 22:34,256,50,2,3,2990
370,2024/6/15 1:30,49,8,17,1,8470
371,2024/6/15 4:26,292,41,9,1,810
372,2024/6/15 7:22,78,6,2,1,5440
373,2024/6/15 10:18,105,5,15,3,5890
374,2024/6/15 13:14,169,44,16,3,5830
375,2024/6/15 16:10,217,29,4,3,5020
376,2024/6/15 19:05,119,28,8,1,8010
377,2024/6/15 22:01,190,11,9,4,1770
378,2024/6/16 0:57,255,1,5,2,3450
379,2024/6/16 3:53,266,43,16,3,6350
380,2024/6/16 6:49,149,19,13,4,7060
381,2024/6/16 9:45,164,9,7,2,4340
382,2024/6/16 12:41,140,27,20,2,8820
383,2024/6/16 15:36,258,34,17,2,4450
384,2024/6/16 18:32,269,44,3,4,4330
385,2024/6/16 21:28,181,4,5,4,840
386,2024/6/17 0:24,160,36,19,1,5740
387,2024/6/17 3:20,288,18,12,4,7230
388,2024/6/17 6:16,288,15,7,4,1590
389,2024/6/17 9:12,226,13,9,4,3400
390,2024/6/17 12:07,11,19,6,2,7920
391,2024/6/17 15:03,10,49,17,3,3980
392,2024/6/17 17:59,271,6,16,1,2800
393,2024/6/17 20:55,273,48,3,3,6890
394,2024/6/17 23:51,183,12,4,3,2370
395,2024/6/18 2:47,153,37,10,4,9010
396,2024/6/18 5:43,124,17,5,1,1500
397,2024/6/18 8:38,114,23,10,3,7210
398,2024/6/18 11:34,278,26,12,3,5250
399,2024/6/18 14:30,213,29,10,1,8760
400,2024/6/18 17:26,172,33,13,4,1700
401,2024/6/18 20:22,288,27,11,3,6940
402,2024/6/18 23:18,174,25,16,2,5930
403,2024/6/19 2:14,113,10,8,3,5060
404,2024/6/19 5:09,122,47,8,2,5170
405,2024/6/19 8:05,32,23,8,4,7360
406,2024/6/19 11:01,222,21,13,3,9410
407,2024/6/19 13:57,119,21,2,1,1370
408,2024/6/19 16:53,39,43,12,1,690
409,2024/6/19 19:49,268,13,10,3,8150
410,2024/6/19 22:45,233,37,12,4,1530
411,2024/6/20 1:40,18,33,11,4,9870
412,2024/6/20 4:36,149,24,15,1,6380
413,2024/6/20 7:32,149,44,16,3,6680
414,2024/6/20 10:28,126,11,17,4,2390
415,2024/6/20 13:24,238,17,2,1,2780
416,2024/6/20 16:20,135,4,18,2,6760
417,2024/6/20 19:16,151,47,12,3,9140
418,2024/6/20 22:11,236,25,19,2,9830
419,2024/6/21 1:07,224,30,18,2,2380
420,2024/6/21 4:03,203,9,17,4,1770
421,2024/6/21 6:59,256,21,6,4,1040
422,2024/6/21 9:55,86,20,15,4,8750
423,2024/6/21 12:51,150,19,3,3,3300
424,2024/6/21 15:47,235,19,6,2,520
425,2024/6/21 18:42,22,12,3,3,2630
426,2024/6/21 21:38,285,37,1,4,3730
427,2024/6/22 0:34,269,42,13,2,9910
428,2024/6/22 3:30,258,17,14,3,5470
429,2024/6/22 6:26,29,37,13,3,2440
430,2024/6/22 9:22,213,48,4,1,3680
431,2024/6/22 12:18,283,39,7,3,3640
432,2024/6/22 15:13,50,28,10,4,690
433,2024/6/22 18:09,95,41,7,3,1780
434,2024/6/22 21:05,88,35,15,2,7100
435,2024/6/23 0:01,44,47,15,3,1640
436,2024/6/23 2:57,278,48,4,1,2690
437,2024/6/23 5:53,171,18,6,2,3830
438,2024/6/23 8:49,189,14,20,2,7700
439,2024/6/23 11:44,184,35,5,1,6030
440,2024/6/23 14:40,3,44,20,4,7050
441,2024/6/23 17:36,191,41,12,2,5890
442,2024/6/23 20:32,118,7,1,4,6990
443,2024/6/23 23:28,19,41,8,2,530
444,2024/6/24 2:24,23,13,1,2,9340
445,2024/6/24 5:20,30,18,5,4,1550
446,2024/6/24 8:15,295,37,6,2,4360
447,2024/6/24 11:11,108,13,3,4,7820
448,2024/6/24 14:07,281,36,15,1,4630
449,2024/6/24 17:03,128,31,5,4,9500
450,2024/6/24 19:59,229,2,14,1,4940
451,2024/6/24 22:55,111,16,18,2,8810
452,2024/6/25 1:50,136,9,16,4,8200
453,2024/6/25 4:46,186,9,6,2,9820
454,2024/6/25 7:42,144,38,14,4,9300
455,2024/6/25 10:38,72,11,8,1,9030
456,2024/6/25 13:34,129,22,7,1,7450
457,2024/6/25 16:30,261,33,8,4,3990
458,2024/6/25 19:26,3,36,13,1,1510
459,2024/6/25 22:21,104,45,6,2,7040
460,2024/6/26 1:17,224,23,18,2,9800
461,2024/6/26 4:13,10,45,2,3,7400
462,2024/6/26 7:09,231,45,8,1,9320
463,2024/6/26 10:05,219,34,11,2,8140
464,2024/6/26 13:01,66,9,1,4,2050
465,2024/6/26 15:57,112,24,6,1,2870
466,2024/6/26 18:52,13,8,16,2,3750
467,2024/6/26 21:48,86,7,20,1,2100
468,2024/6/27 0:44,234,36,12,4,6030
469,2024/6/27 3:40,90,18,11,2,9770
470,2024/6/27 6:36,54,3,10,3,7730
471,2024/6/27 9:32,12,28,3,3,4520
472,2024/6/27 12:28,209,6,13,1,540
473,2024/6/27 15:23,14,44,3,4,3480
474,2024/6/27 18:19,121,44,15,2,5500
475,2024/6/27 21:15,20,21,16,4,3580
476,2024/6/28 0:11,75,28,13,2,1550
477,2024/6/28 3:07,243,40,17,1,4710
478,2024/6/28 6:03,223,1,3,2,2910
479,2024/6/28 8:59,70,36,20,4,9140
480,2024/6/28 11:54,211,21,11,4,1470
481,2024/6/28 14:50,101,43,19,1,970
482,2024/6/28 17:46,186,35,11,4,550
483,2024/6/28 20:42,132,13,16,2,3620
484,2024/6/28 23:38,111,49,3,1,6770
485,2024/6/29 2:34,132,10,6,2,7440
486,2024/6/29 5:30,20,44,14,4,4810
487,2024/6/29 8:25,24,47,18,1,7000
488,2024/6/29 11:21,227,10,17,2,3920
489,2024/6/29 14:17,154,46,4,4,6840
490,2024/6/29 17:13,293,13,15,4,890
491,2024/6/29 20:09,230,37,11,3,4210
492,2024/6/29 23:05,202,38,3,4,8010
493,2024/6/30 2:01,38,24,3,2,8130
494,2024/6/30 4:56,260,2,16,1,7300
495,2024/6/30 7:52,188,22,5,3,2440
496,2024/6/30 10:48,57,17,10,4,2850
497,2024/6/30 13:44,20,36,19,4,9960
498,2024/6/30 16:40,273,14,4,4,1480
499,2024/6/30 19:36,119,10,19,2,2220
500,2024/6/30 22:32,71,35,11,3,1740
501,2024/7/1 1:27,4,25,2,2,3610
502,2024/7/1 4:23,221,3,10,3,2500
503,2024/7/1 7:19,14,47,11,1,5230
504,2024/7/1 10:15,3,38,20,2,5020
505,2024/7/1 13:11,216,17,16,2,9060
506,2024/7/1 16:07,229,12,19,1,830
507,2024/7/1 19:03,186,24,11,3,3540
508,2024/7/1 21:58,55,29,14,4,6170
509,2024/7/2 0:54,254,43,2,1,6250
510,2024/7/2 3:50,24,25,5,4,5060
511,2024/7/2 6:46,162,36,5,4,8250
512,2024/7/2 9:42,158,26,19,1,1100
513,2024/7/2 12:38,82,38,12,3,8250
514,2024/7/2 15:34,159,1,18,4,5200
515,2024/7/2 18:29,188,20,4,1,1770
516,2024/7/2 21:25,60,28,17,2,8910
517,2024/7/3 0:21,211,16,10,2,6670
518,2024/7/3 3:17,152,47,20,2,2050
519,2024/7/3 6:13,109,17,6,1,820
520,2024/7/3 9:09,76,40,14,2,1840
521,2024/7/3 12:05,30,28,11,4,6280
522,2024/7/3 15:00,117,12,11,2,2200
523,2024/7/3 17:56,192,27,18,2,2640
524,2024/7/3 20:52,19,42,18,4,740
525,2024/7/3 23:48,173,47,11,2,7370
526,2024/7/4 2:44,228,30,12,4,8200
527,2024/7/4 5:40,183,41,5,2,8070
528,2024/7/4 8:36,113,34,9,4,1710
529,2024/7/4 11:31,183,37,9,2,9080
530,2024/7/4 14:27,146,6,10,4,6890
531,2024/7/4 17:23,116,7,19,1,9030
532,2024/7/4 20:19,113,32,1,4,4750
533,2024/7/4 23:15,251,32,7,2,4650
534,2024/7/5 2:11,251,25,4,2,7950
535,2024/7/5 5:07,118,33,1,3,1390
536,2024/7/5 8:02,161,7,15,4,5450
537,2024/7/5 10:58,198,12,8,1,8450
538,2024/7/5 13:54,260,16,12,4,8390
539,2024/7/5 16:50,148,16,18,4,9580
540,2024/7/5 19:46,240,43,15,1,7130
541,2024/7/5 22:42,47,36,17,4,2470
542,2024/7/6 1:38,198,13,14,1,690
543,2024/7/6 4:33,47,7,14,1,5050
544,2024/7/6 7:29,78,36,18,4,5380
545,2024/7/6 10:25,124,47,20,4,2780
546,2024/7/6 13:21,75,9,18,2,1680
547,2024/7/6 16:17,137,32,16,2,6070
548,2024/7/6 19:13,90,11,1,3,7760
549,2024/7/6 22:09,61,8,11,3,9930
550,2024/7/7 1:04,138,33,15,4,7700
551,2024/7/7 4:00,50,23,12,1,8040
552,2024/7/7 6:56,259,25,8,3,6360
553,2024/7/7 9:52,107,8,20,4,9870
554,2024/7/7 12:48,113,45,6,3,6580
555,2024/7/7 15:44,254,22,3,1,8670
556,2024/7/7 18:40,118,4,13,4,9480
557,2024/7/7 21:35,198,40,13,1,9330
558,2024/7/8 0:31,51,3,2,4,4120
559,2024/7/8 3:27,245,29,5,3,1250
560,2024/7/8 6:23,35,41,17,2,2130
561,2024/7/8 9:19,69,29,6,3,1060
562,2024/7/8 12:15,49,34,2,3,1500
563,2024/7/8 15:10,74,34,4,2,2250
564,2024/7/8 18:06,192,28,11,2,3740
565,2024/7/8 21:02,261,13,8,4,5660
566,2024/7/8 23:58,70,15,12,4,7260
567,2024/7/9 2:54,90,23,8,1,2500
568,2024/7/9 5:50,260,44,11,1,6890
569,2024/7/9 8:46,126,26,20,3,7190
570,2024/7/9 11:41,231,4,8,2,5810
571,2024/7/9 14:37,295,26,8,1,9080
572,2024/7/9 17:33,129,40,17,3,1550
573,2024/7/9 20:29,280,9,20,2,2180
574,2024/7/9 23:25,100,5,20,4,4570
575,2024/7/10 2:21,297,32,16,3,1700
576,2024/7/10 5:17,182,20,14,4,5880
577,2024/7/10 8:12,174,50,11,1,4280
578,2024/7/10 11:08,188,11,7,1,3200
579,2024/7/10 14:04,57,15,16,2,2110
580,2024/7/10 17:00,31,32,13,3,3690
581,2024/7/10 19:56,84,28,15,4,6280
582,2024/7/10 22:52,152,22,16,2,5970
583,2024/7/11 1:48,36,41,9,1,2050
584,2024/7/11 4:43,213,17,3,1,1690
585,2024/7/11 7:39,106,26,19,3,750
586,2024/7/11 10:35,220,44,20,4,620
587,2024/7/11 13:31,163,7,5,3,8860
588,2024/7/11 16:27,220,42,10,4,930
589,2024/7/11 19:23,270,26,17,4,7450
590,2024/7/11 22:19,120,25,15,3,8780
591,2024/7/12 1:14,182,10,8,2,1430
592,2024/7/12 4:10,106,45,15,3,4640
593,2024/7/12 7:06,217,19,14,3,9640
594,2024/7/12 10:02,205,11,20,1,8420
595,2024/7/12 12:58,70,13,7,1,5150
596,2024/7/12 15:54,44,8,12,3,7740
597,2024/7/12 18:50,228,40,17,3,8420
598,2024/7/12 21:45,184,4,17,1,3810
599,2024/7/13 0:41,107,47,10,4,8980
600,2024/7/13 3:37,84,31,19,3,4970
601,2024/7/13 6:33,250,28,14,2,5510
602,2024/7/13 9:29,21,11,11,2,10000
603,2024/7/13 12:25,196,43,2,2,8510
604,2024/7/13 15:21,178,1,18,3,3940
605,2024/7/13 18:16,7,49,7,4,600
606,2024/7/13 21:12,70,47,12,4,6450
607,2024/7/14 0:08,127,38,2,1,7190
608,2024/7/14 3:04,160,24,20,3,6680
609,2024/7/14 6:00,248,47,18,4,9690
610,2024/7/14 8:56,203,31,6,3,8700
611,2024/7/14 11:52,148,41,10,1,4760
612,2024/7/14 14:47,143,46,20,1,1100
613,2024/7/14 17:43,199,50,15,1,5020
614,2024/7/14 20:39,154,26,5,2,7050
615,2024/7/14 23:35,142,49,20,3,6270
616,2024/7/15 2:31,165,50,3,1,5610
617,2024/7/15 5:27,21,5,5,3,4950
618,2024/7/15 8:23,82,20,8,2,3290
619,2024/7/15 11:18,69,41,8,2,3130
620,2024/7/15 14:14,131,11,8,1,5250
621,2024/7/15 17:10,87,33,12,1,2030
622,2024/7/15 20:06,218,50,8,4,3740
623,2024/7/15 23:02,161,38,11,3,3580
624,2024/7/16 1:58,178,27,14,1,6080
625,2024/7/16 4:54,117,34,8,4,1130
626,2024/7/16 7:49,196,15,10,3,8380
627,2024/7/16 10:45,86,32,7,1,5840
628,2024/7/16 13:41,289,21,17,4,6870
629,2024/7/16 16:37,81,46,4,4,7180
630,2024/7/16 19:33,152,5,13,3,3270
631,2024/7/16 22:29,61,6,4,4,4970
632,2024/7/17 1:25,61,38,5,3,9580
633,2024/7/17 4:20,28,22,4,3,7780
634,2024/7/17 7:16,43,18,18,3,9710
635,2024/7/17 10:12,169,14,6,2,7590
636,2024/7/17 13:08,86,10,2,4,2170
637,2024/7/17 16:04,177,46,11,3,1110
638,2024/7/17 19:00,17,13,14,1,5990
639,2024/7/17 21:56,98,31,5,2,3900
640,2024/7/18 0:51,198,30,6,2,3120
641,2024/7/18 3:47,98,3,10,4,8170
642,2024/7/18 6:43,65,30,8,3,3990
643,2024/7/18 9:39,5,6,14,4,3510
644,2024/7/18 12:35,2,29,3,2,8570
645,2024/7/18 15:31,22,8,12,3,8540
646,2024/7/18 18:27,112,44,16,1,3890
647,2024/7/18 21:22,57,45,17,3,8410
648,2024/7/19 0:18,66,43,1,2,8580
649,2024/7/19 3:14,98,44,10,1,4530
650,2024/7/19 6:10,144,33,10,3,1130
651,2024/7/19 9:06,125,17,2,1,520
652,2024/7/19 12:02,167,48,9,1,5470
653,2024/7/19 14:58,86,11,13,2,3770
654,2024/7/19 17:53,76,13,16,1,9970
655,2024/7/19 20:49,294,50,18,4,7840
656,2024/7/19 23:45,59,11,19,2,7730
657,2024/7/20 2:41,138,31,12,4,9570
658,2024/7/20 5:37,99,28,8,1,8930
659,2024/7/20 8:33,192,44,17,4,3520
660,2024/7/20 11:29,243,6,15,3,2080
661,2024/7/20 14:24,49,41,10,1,7590
662,2024/7/20 17:20,32,16,15,3,4090
663,2024/7/20 20:16,277,4,15,4,5000
664,2024/7/20 23:12,20,35,7,3,6490
665,2024/7/21 2:08,154,48,13,1,9120
666,2024/7/21 5:04,68,26,17,3,4480
667,2024/7/21 8:00,214,12,9,4,7940
668,2024/7/21 10:55,143,11,8,4,3050
669,2024/7/21 13:51,232,37,20,4,7130
670,2024/7/21 16:47,213,25,18,1,520
671,2024/7/21 19:43,79,18,13,4,8780
672,2024/7/21 22:39,214,19,16,1,790
673,2024/7/22 1:35,116,23,9,3,7270
674,2024/7/22 4:30,92,38,12,4,940
675,2024/7/22 7:26,270,18,12,3,3030
676,2024/7/22 10:22,168,26,6,2,5220
677,2024/7/22 13:18,58,6,19,3,4490
678,2024/7/22 16:14,284,4,7,2,2320
679,2024/7/22 19:10,26,44,3,3,3670
680,2024/7/22 22:06,66,29,16,1,7410
681,2024/7/23 1:01,248,34,18,3,6860
682,2024/7/23 3:57,254,17,16,1,1180
683,2024/7/23 6:53,44,43,7,1,7600
684,2024/7/23 9:49,97,43,4,4,1000
685,2024/7/23 12:45,42,16,8,1,5660
686,2024/7/23 15:41,227,2,13,2,2970
687,2024/7/23 18:37,262,34,13,4,6080
688,2024/7/23 21:32,167,8,17,4,2980
689,2024/7/24 0:28,279,13,17,3,9860
690,2024/7/24 3:24,89,42,5,1,3440
691,2024/7/24 6:20,178,8,6,1,2800
692,2024/7/24 9:16,197,30,19,2,3150
693,2024/7/24 12:12,267,32,13,3,9020
694,2024/7/24 15:08,268,36,14,3,6540
695,2024/7/24 18:03,74,47,4,4,7440
696,2024/7/24 20:59,8,30,7,4,9220
697,2024/7/24 23:55,297,1,8,4,9160
698,2024/7/25 2:51,164,43,13,2,7520
699,2024/7/25 5:47,85,39,6,2,2380
700,2024/7/25 8:43,72,17,6,4,8510
701,2024/7/25 11:39,55,20,3,3,2440
702,2024/7/25 14:34,47,24,3,2,7560
703,2024/7/25 17:30,238,50,13,3,7010
704,2024/7/25 20:26,104,22,2,3,7710
705,2024/7/25 23:22,210,29,16,1,5560
706,2024/7/26 2:18,42,22,6,4,6570
707,2024/7/26 5:14,268,44,8,1,9560
708,2024/7/26 8:10,263,9,8,4,1460
709,2024/7/26 11:05,259,37,6,4,3430
710,2024/7/26 14:01,283,10,14,3,6310
711,2024/7/26 16:57,114,36,3,4,9660
712,2024/7/26 19:53,40,37,10,3,1410
713,2024/7/26 22:49,220,28,3,3,710
714,2024/7/27 1:45,129,28,12,4,1030
715,2024/7/27 4:41,8,42,17,3,1000
716,2024/7/27 7:36,101,43,5,3,9120
717,2024/7/27 10:32,176,21,20,3,7350
718,2024/7/27 13:28,107,24,9,2,6930
719,2024/7/27 16:24,101,42,20,3,5460
720,2024/7/27 19:20,260,40,7,2,7930
721,2024/7/27 22:16,246,2,4,2,1980
722,2024/7/28 1:12,275,8,13,3,4220
723,2024/7/28 4:07,32,48,13,3,5160
724,2024/7/28 7:03,137,27,10,2,1550
725,2024/7/28 9:59,12,22,18,2,4490
726,2024/7/28 12:55,16,37,17,3,3510
727,2024/7/28 15:51,129,27,20,3,840
728,2024/7/28 18:47,63,29,20,4,1800
729,2024/7/28 21:43,109,3,13,2,7760
730,2024/7/29 0:38,21,44,17,2,670
731,2024/7/29 3:34,158,13,4,4,9380
732,2024/7/29 6:30,269,45,1,2,1320
733,2024/7/29 9:26,162,10,1,1,8090
734,2024/7/29 12:22,260,36,15,2,9040
735,2024/7/29 15:18,102,9,13,4,9440
736,2024/7/29 18:14,223,27,17,1,8740
737,2024/7/29 21:09,59,34,8,3,3230
738,2024/7/30 0:05,247,1,18,4,3660
739,2024/7/30 3:01,128,32,13,4,4550
740,2024/7/30 5:57,283,25,14,3,1820
741,2024/7/30 8:53,25,29,8,4,710
742,2024/7/30 11:49,131,7,8,2,8760
743,2024/7/30 14:45,196,49,15,3,5760
744,2024/7/30 17:40,281,3,13,4,6280
745,2024/7/30 20:36,154,20,7,3,9310
746,2024/7/30 23:32,133,20,5,3,6820
747,2024/7/31 2:28,227,30,17,3,7060
748,2024/7/31 5:24,189,35,16,1,7980
749,2024/7/31 8:20,265,35,2,4,1610
750,2024/7/31 11:16,134,49,18,1,3920
751,2024/7/31 14:11,211,39,17,4,9700
752,2024/7/31 17:07,60,27,7,2,9270
753,2024/7/31 20:03,213,26,13,2,8900
754,2024/7/31 22:59,216,14,18,2,4790
755,2024/8/1 1:55,226,17,14,4,8640
756,2024/8/1 4:51,131,18,18,3,960
757,2024/8/1 7:47,76,45,13,3,1910
758,2024/8/1 10:42,286,29,11,1,4430
759,2024/8/1 13:38,277,20,16,1,5090
760,2024/8/1 16:34,156,27,17,2,3000
761,2024/8/1 19:30,248,18,8,1,3890
762,2024/8/1 22:26,218,4,19,4,2050
763,2024/8/2 1:22,190,1,20,4,5150
764,2024/8/2 4:18,163,50,15,1,8040
765,2024/8/2 7:13,180,1,9,1,6780
766,2024/8/2 10:09,34,26,20,1,1520
767,2024/8/2 13:05,41,45,10,1,5130
768,2024/8/2 16:01,75,20,12,2,7130
769,2024/8/2 18:57,279,23,20,2,5530
770,2024/8/2 21:53,176,10,1,1,4220
771,2024/8/3 0:49,150,11,20,4,6410
772,2024/8/3 3:44,273,41,9,2,9700
773,2024/8/3 6:40,108,41,15,4,1400
774,2024/8/3 9:36,139,5,1,3,4210
775,2024/8/3 12:32,271,1,12,4,4360
776,2024/8/3 15:28,289,17,3,1,5980
777,2024/8/3 18:24,212,22,11,3,1950
778,2024/8/3 21:20,272,34,2,2,2180
779,2024/8/4 0:15,66,45,16,2,3210
780,2024/8/4 3:11,248,41,9,3,9580
781,2024/8/4 6:07,156,29,15,4,7470
782,2024/8/4 9:03,47,4,12,2,6790
783,2024/8/4 11:59,201,5,1,1,8260
784,2024/8/4 14:55,148,11,13,3,1710
785,2024/8/4 17:50,124,21,14,1,8660
786,2024/8/4 20:46,1,35,8,3,6150
787,2024/8/4 23:42,247,12,8,2,3690
788,2024/8/5 2:38,128,26,12,4,8250
789,2024/8/5 5:34,191,19,1,3,8120
790,2024/8/5 8:30,67,45,11,3,8530
791,2024/8/5 11:26,4,7,8,1,1600
792,2024/8/5 14:21,294,47,10,2,9710
793,2024/8/5 17:17,143,7,19,1,9620
794,2024/8/5 20:13,191,26,11,2,3900
795,2024/8/5 23:09,21,40,7,1,1130
796,2024/8/6 2:05,227,5,11,3,2090
797,2024/8/6 5:01,117,21,17,1,9930
798,2024/8/6 7:57,142,14,1,4,5850
799,2024/8/6 10:52,39,4,8,2,3890
800,2024/8/6 13:48,252,23,6,2,3240
801,2024/8/6 16:44,207,42,18,3,2940
802,2024/8/6 19:40,210,20,6,2,6810
803,2024/8/6 22:36,115,15,5,4,4480
804,2024/8/7 1:32,225,50,13,1,9670
805,2024/8/7 4:28,134,45,19,3,7000
806,2024/8/7 7:23,251,29,8,4,8020
807,2024/8/7 10:19,219,8,9,2,3280
808,2024/8/7 13:15,91,41,17,2,1250
809,2024/8/7 16:11,46,48,3,4,5130
810,2024/8/7 19:07,38,19,19,1,3490
811,2024/8/7 22:03,142,48,11,1,2420
812,2024/8/8 0:59,100,39,17,3,9550
813,2024/8/8 3:54,190,46,19,2,4720
814,2024/8/8 6:50,35,28,2,4,2160
815,2024/8/8 9:46,147,46,8,1,2390
816,2024/8/8 12:42,30,27,19,3,3170
817,2024/8/8 15:38,84,4,7,2,9990
818,2024/8/8 18:34,281,15,17,2,3050
819,2024/8/8 21:30,270,35,6,3,3620
820,2024/8/9 0:25,154,37,19,3,6760
821,2024/8/9 3:21,102,1,6,1,3290
822,2024/8/9 6:17,215,3,2,4,2550
823,2024/8/9 9:13,150,47,6,2,2010
824,2024/8/9 12:09,83,24,5,4,3470
825,2024/8/9 15:05,110,27,19,2,1510
826,2024/8/9 18:01,275,40,20,2,680
827,2024/8/9 20:56,201,36,4,4,8140
828,2024/8/9 23:52,284,34,17,3,1810
829,2024/8/10 2:48,173,29,11,1,7870
830,2024/8/10 5:44,206,24,4,2,8080
831,2024/8/10 8:40,63,24,13,3,5610
832,2024/8/10 11:36,73,42,20,2,3440
833,2024/8/10 14:32,251,4,17,1,1880
834,2024/8/10 17:27,124,3,9,2,7500
835,2024/8/10 20:23,121,34,4,1,6210
836,2024/8/10 23:19,275,49,14,1,6730
837,2024/8/11 2:15,120,23,19,2,580
838,2024/8/11 5:11,164,23,3,2,9310
839,2024/8/11 8:07,286,45,14,1,1130
840,2024/8/11 11:03,265,5,8,3,3980
841,2024/8/11 13:58,161,31,1,4,4330
842,2024/8/11 16:54,89,41,10,1,510
843,2024/8/11 19:50,142,6,18,2,5220
844,2024/8/11 22:46,203,37,16,2,7650
845,2024/8/12 1:42,227,10,8,3,8320
846,2024/8/12 4:38,222,40,1,4,8850
847,2024/8/12 7:34,41,7,12,1,5130
848,2024/8/12 10:29,196,39,8,1,6490
849,2024/8/12 13:25,68,38,16,4,1260
850,2024/8/12 16:21,264,21,18,1,5140
851,2024/8/12 19:17,2,20,4,4,1970
852,2024/8/12 22:13,125,3,6,2,4010
853,2024/8/13 1:09,110,22,12,4,3630
854,2024/8/13 4:05,86,47,9,1,4520
855,2024/8/13 7:00,120,4,15,4,5930
856,2024/8/13 9:56,127,28,16,3,9080
857,2024/8/13 12:52,255,12,12,2,4250
858,2024/8/13 15:48,183,38,14,2,9820
859,2024/8/13 18:44,16,36,13,4,7710
860,2024/8/13 21:40,62,47,2,1,5360
861,2024/8/14 0:36,158,41,3,3,6620
862,2024/8/14 3:31,268,5,10,2,1470
863,2024/8/14 6:27,35,13,9,2,8520
864,2024/8/14 9:23,267,23,20,1,6030
865,2024/8/14 12:19,64,50,8,1,9870
866,2024/8/14 15:15,50,30,10,3,6550
867,2024/8/14 18:11,255,37,19,4,8420
868,2024/8/14 21:07,149,25,3,1,8100
869,2024/8/15 0:02,276,48,5,4,3780
870,2024/8/15 2:58,172,27,3,3,2970
871,2024/8/15 5:54,201,14,16,4,4590
872,2024/8/15 8:50,35,48,17,2,4940
873,2024/8/15 11:46,216,47,15,4,2780
874,2024/8/15 14:42,65,36,3,3,9000
875,2024/8/15 17:38,8,39,12,3,5650
876,2024/8/15 20:33,76,16,9,3,9800
877,2024/8/15 23:29,174,22,12,4,8200
878,2024/8/16 2:25,47,21,15,2,5780
879,2024/8/16 5:21,15,21,2,1,9500
880,2024/8/16 8:17,147,8,18,2,5300
881,2024/8/16 11:13,26,49,20,4,8930
882,2024/8/16 14:09,93,16,12,4,3900
883,2024/8/16 17:04,232,31,4,1,4100
884,2024/8/16 20:00,21,42,16,4,4470
885,2024/8/16 22:56,38,10,16,3,5690
886,2024/8/17 1:52,276,32,1,3,5760
887,2024/8/17 4:48,157,34,2,3,5220
888,2024/8/17 7:44,179,9,3,3,3410
889,2024/8/17 10:40,132,17,20,3,9310
890,2024/8/17 13:35,28,11,17,4,6090
891,2024/8/17 16:31,260,32,20,1,4370
892,2024/8/17 19:27,76,10,1,1,6690
893,2024/8/17 22:23,67,22,20,3,7800
894,2024/8/18 1:19,194,17,6,4,9630
895,2024/8/18 4:15,162,4,15,2,5250
896,2024/8/18 7:10,257,48,14,2,1560
897,2024/8/18 10:06,72,47,20,4,4690
898,2024/8/18 13:02,87,25,15,3,5050
899,2024/8/18 15:58,262,21,14,1,9020
900,2024/8/18 18:54,214,37,5,4,4250
901,2024/8/18 21:50,153,38,6,2,9560
902,2024/8/19 0:46,210,49,17,2,5110
903,2024/8/19 3:41,61,1,11,2,9750
904,2024/8/19 6:37,268,25,16,3,580
905,2024/8/19 9:33,262,36,12,2,9040
906,2024/8/19 12:29,218,17,15,4,9350
907,2024/8/19 15:25,283,41,4,4,9630
908,2024/8/19 18:21,136,24,18,2,620
909,2024/8/19 21:17,93,2,3,4,2130
910,2024/8/20 0:12,109,40,8,2,6710
911,2024/8/20 3:08,241,15,3,2,740
912,2024/8/20 6:04,142,32,8,1,1100
913,2024/8/20 9:00,291,39,18,3,2600
914,2024/8/20 11:56,237,6,10,3,5370
915,2024/8/20 14:52,177,1,20,1,5690
916,2024/8/20 17:48,141,47,17,1,830
917,2024/8/20 20:43,189,23,8,3,2120
918,2024/8/20 23:39,49,39,11,2,5250
919,2024/8/21 2:35,190,17,5,2,6140
920,2024/8/21 5:31,136,34,13,3,1910
921,2024/8/21 8:27,43,41,5,2,4290
922,2024/8/21 11:23,90,29,13,1,9090
923,2024/8/21 14:19,295,9,6,2,9990
924,2024/8/21 17:14,245,13,5,2,9880
925,2024/8/21 20:10,192,6,9,4,8880
926,2024/8/21 23:06,106,6,16,4,4250
927,2024/8/22 2:02,233,20,2,4,7020
928,2024/8/22 4:58,265,3,1,2,4460
929,2024/8/22 7:54,37,17,8,3,6660
930,2024/8/22 10:50,41,49,19,1,3440
931,2024/8/22 13:45,17,12,11,2,6260
932,2024/8/22 16:41,277,48,12,3,5480
933,2024/8/22 19:37,59,47,12,2,730
934,2024/8/22 22:33,183,45,7,1,8010
935,2024/8/23 1:29,41,1,13,2,610
936,2024/8/23 4:25,39,17,8,1,3280
937,2024/8/23 7:21,192,3,9,2,560
938,2024/8/23 10:16,267,26,7,1,4070
939,2024/8/23 13:12,147,15,15,2,1100
940,2024/8/23 16:08,127,36,2,1,9180
941,2024/8/23 19:04,46,32,20,4,4450
942,2024/8/23 22:00,45,32,12,2,4870
943,2024/8/24 0:56,1,4,1,2,3820
944,2024/8/24 3:52,168,18,8,3,6460
945,2024/8/24 6:47,108,49,5,3,7950
946,2024/8/24 9:43,19,19,15,1,6660
947,2024/8/24 12:39,72,43,1,2,7610
948,2024/8/24 15:35,109,35,1,1,9110
949,2024/8/24 18:31,268,40,10,4,8700
950,2024/8/24 21:27,240,14,10,3,6900
951,2024/8/25 0:23,90,33,15,1,2540
952,2024/8/25 3:18,103,14,17,1,6560
953,2024/8/25 6:14,250,34,6,3,5310
954,2024/8/25 9:10,8,4,3,2,7310
955,2024/8/25 12:06,153,24,13,1,8410
956,2024/8/25 15:02,174,29,16,3,7560
957,2024/8/25 17:58,158,19,8,2,8540
958,2024/8/25 20:54,215,6,15,4,1110
959,2024/8/25 23:49,177,33,17,3,800
960,2024/8/26 2:45,175,49,17,1,2960
961,2024/8/26 5:41,146,40,13,4,9060
962,2024/8/26 8:37,161,19,17,2,8320
963,2024/8/26 11:33,127,1,6,2,6990
964,2024/8/26 14:29,82,5,17,3,7160
965,2024/8/26 17:25,147,27,16,3,7400
966,2024/8/26 20:20,239,16,14,3,9450
967,2024/8/26 23:16,84,6,13,2,8410
968,2024/8/27 2:12,113,40,6,4,6420
969,2024/8/27 5:08,225,13,3,2,6820
970,2024/8/27 8:04,243,48,14,1,2530
971,2024/8/27 11:00,143,35,14,2,6740
972,2024/8/27 13:56,41,19,15,1,4530
973,2024/8/27 16:51,258,12,8,4,1950
974,2024/8/27 19:47,285,16,15,3,8160
975,2024/8/27 22:43,105,43,13,3,5350
976,2024/8/28 1:39,202,10,17,2,9790
977,2024/8/28 4:35,266,25,3,3,3180
978,2024/8/28 7:31,210,20,6,4,5070
979,2024/8/28 10:27,51,31,5,3,4760
980,2024/8/28 13:22,118,4,17,2,1650
981,2024/8/28 16:18,201,44,2,4,4550
982,2024/8/28 19:14,39,23,15,1,3230
983,2024/8/28 22:10,28,2,5,2,2020
984,2024/8/29 1:06,259,22,20,1,3180
985,2024/8/29 4:02,84,37,6,4,2720
986,2024/8/29 6:58,155,8,6,2,7470
987,2024/8/29 9:53,117,7,18,2,790
988,2024/8/29 12:49,2,14,18,4,6370
989,2024/8/29 15:45,93,3,4,3,7730
990,2024/8/29 18:41,166,50,17,2,5070
991,2024/8/29 21:37,296,16,14,2,9350
992,2024/8/30 0:33,258,19,14,1,7220
993,2024/8/30 3:29,81,18,13,3,7610
994,2024/8/30 6:24,268,16,7,1,2370
995,2024/8/30 9:20,235,8,12,1,7880
996,2024/8/30 12:16,213,33,15,3,8400
997,2024/8/30 15:12,62,49,19,3,3930
998,2024/8/30 18:08,49,12,11,4,2530
999,2024/8/30 21:04,127,11,15,3,4160
1000,2024/8/31 0:00,223,5,12,2,7530